"EDNAME,C,254",2022 Population
Shanmullagh,1008
Sheskin,905
Tedavnet,658
Tehallan,5049
Tullycorbet,1655
Carlow Urban,548
Graigue Urban,1226
Clonmore,314
Hacketstown,371
Haroldstown,792
Kineagh,931
Rahill,348
Rathvilly,327
Tiknock,419
Williamstown,1122
Agha,599
Ballinacarrig,788
Ballintemple,451
Ballon,351
Ballyellin,1084
Ballymoon,529
Borris,16203
Burton Hall,1138
Carlow Rural,1105
Clogrenan,560
Clonegall,1218
Corries,857
Cranemore,648
Fennagh,589
Garryhill,610
Grangeford,982
Johnstown,458
Kellistown,458
Kilbride,395
Killedmond,1679
Killerrig,719
Leighlinbridge,2945
Muinebeag (Bagenalstown) Rural,603
Muinebeag (Bagenalstown) Urban,893
Myshall,606
Nurney,137
Oldleighlin,438
Rathanna,1139
Rathornan,298
Rathrush,568
Ridge,559
Shangarry,487
Sliguff,470
Tankardstown,618
Templepeter,952
Tullowbeg,4397
Tullow Rural,282
Tullow Urban,211
Ballymurphy,395
Coonogue,360
Glynn,433
Kyle,654
Marley,1784
Tinnahinch,5529
Arran Quay A,4646
Arran Quay B,3308
Arran Quay C,3377
Arran Quay D,12094
Arran Quay E,2843
Ashtown A,5863
Ashtown B,4004
Ayrfield,4184
Ballybough A,3602
Ballybough B,1930
Ballygall A,3646
Ballygall B,2526
Ballygall C,5735
Ballygall D,4273
Ballymun A,5729
Ballymun B,2551
Ballymun C,1674
Ballymun D,2359
Ballymun E,2668
Ballymun F,5103
Beaumont A,3382
Beaumont B,2085
Beaumont C,1941
Beaumont D,3893
Beaumont E,3331
Beaumont F,3606
Botanic A,2362
Botanic B,5910
Botanic C,3746
Cabra East A,4239
Cabra East B,1441
Cabra East C,2646
Cabra West A,2883
Cabra West B,2816
Cabra West C,3626
Cabra West D,7204
Clontarf East A,3189
Clontarf East B,2859
Clontarf East C,1748
Clontarf East D,3758
Clontarf East E,2395
Clontarf West A,4130
Clontarf West B,2530
Clontarf West C,2483
Clontarf West D,5923
Clontarf West E,1889
Drumcondra South A,3337
Drumcondra South B,2831
Drumcondra South C,3205
Edenmore,2922
Finglas North A,3678
Finglas North B,2909
Finglas North C,4457
Finglas South A,2566
Finglas South B,2543
Finglas South C,6272
Finglas South D,12598
Grace Park,7438
Grange A,3086
Grange B,3952
Grange C,2578
Grange D,2848
Grange E,2921
Harmonstown A,4033
Harmonstown B,4537
Inns Quay A,3087
Inns Quay B,3678
Inns Quay C,2546
Kilmore A,1413
Kilmore B,2149
Kilmore C,7374
Kilmore D,4537
Mountjoy A,6749
Mountjoy B,1406
North City,10173
North Dock A,4328
North Dock B,1465
North Dock C,1574
Phoenix Park,2794
Priorswood A,4883
Priorswood B,2653
Priorswood C,2771
Priorswood D,2553
Priorswood E,2262
Raheny-Foxfield,3919
Raheny-Greendale,6528
Raheny-St. Assam,3589
Rotunda A,3117
Rotunda B,4371
Whitehall A,2908
Whitehall B,3279
Whitehall C,3397
Whitehall D,3465
Chapelizod,2897
Cherry Orchard A,4815
Carna,3657
Cherry Orchard C,3019
Crumlin A,2364
Crumlin B,4190
Crumlin C,2916
Crumlin D,3141
Crumlin E,2713
Crumlin F,3632
Decies,2557
Drumfinn,2728
Inchicore A,2646
Inchicore B,2638
Kilmainham A,4956
Kilmainham B,1903
Kilmainham C,3533
Kimmage A,3738
Kimmage B,2533
Kimmage C,3500
Kimmage D,2557
Kimmage E,4298
Kylemore,1021
Mansion House A,2749
Mansion House B,4343
Merchants Quay A,3814
Merchants Quay B,2575
Merchants Quay C,2651
Merchants Quay D,2328
Merchants Quay E,5017
Merchants Quay F,3852
Pembroke East A,4179
Pembroke East B,5368
Pembroke East C,3924
Pembroke East D,5144
Pembroke East E,3214
Pembroke West A,4385
Pembroke West B,5768
Pembroke West C,4979
Rathfarnham,5705
Rathmines East A,3484
Rathmines East B,2755
Rathmines East C,6115
Rathmines East D,3818
Rathmines West A,2857
Rathmines West B,3222
Rathmines West C,3712
Rathmines West D,2943
Rathmines West E,5063
Rathmines West F,2213
Royal Exchange A,5732
Royal Exchange B,8320
St. Kevin's,3982
South Dock,3746
Terenure A,1881
Terenure B,782
Terenure C,5117
Terenure D,1903
Ushers A,4069
Ushers B,2390
Ushers C,1859
Ushers D,3461
Ushers E,2947
Ushers F,2014
Walkinstown A,2481
Walkinstown B,2871
Walkinstown C,3907
Wood Quay A,874
Wood Quay B,5246
Ballinascorney,5672
Ballyboden,2320
Bohernabreena,2445
Clondalkin-Ballymount,11298
Clondalkin-Cappaghmore,11357
Clondalkin-Dunawley,7024
Clondalkin-Monastery,4106
Clondalkin-Moorfield,9388
Clondalkin-Rowlagh,5685
Clondalkin Village,10522
Edmondstown,3510
Firhouse-Ballycullen,12254
Firhouse-Knocklyon,33849
Firhouse Village,5131
Lucan-Esker,16805
Lucan Heights,5552
Lucan-St. Helen's,3689
Newcastle,7323
Palmerston Village,6590
Palmerston West,2743
Rathcoole,3290
Rathfarnham-Ballyroan,4378
Rathfarnham-Butterfield,3952
Rathfarnham-Hermitage,3145
Rathfarnham-St. Enda's,6248
Rathfarnham Village,1543
Saggart,1635
Tallaght-Avonbeg,11335
Tallaght-Belgard,2171
Tallaght-Fettercairn,18125
Tallaght-Glenview,3878
Tallaght-Jobstown,4394
Tallaght-Killinardan,9432
Tallaght-Kilnamanagh,4291
Tallaght-Kiltipper,3338
Tallaght-Kingswood,4445
Tallaght-Millbrook,11297
Tallaght-Oldbawn,5138
Tallaght-Springfield,2807
Tallaght-Tymon,4929
Templeogue-Cypress,3821
Templeogue-Kimmage Manor,1991
Templeogue-Limekiln,2258
Templeogue-Orwell,2270
Templeogue-Osprey,2229
Templeogue Village,2948
Terenure-Cherryfield,2404
Terenure-Greentrees,6152
Terenure-St. James,19347
Airport,8102
Balbriggan Rural,8096
Balbriggan Urban,5544
Baldoyle,1629
Balgriffin,743
Ballyboghil,6551
Balscadden,43905
Blanchardstown-Abbotstown,11271
Blanchardstown-Blakestown,3689
Blanchardstown-Coolmine,5144
Blanchardstown-Corduff,4219
Blanchardstown-Delwood,1647
Blanchardstown-Mulhuddart,3343
Blanchardstown-Roselawn,20967
Blanchardstown-Tyrrelstown,6355
Castleknock-Knockmaroon,933
Castleknock-Park,11783
Clonmethan,8931
Donabate,1801
Dubber,1476
Garristown,4147
Hollywood,8399
Holmpatrick,2406
Howth,11470
Kilsallaghan,1765
Kinsaley,10774
Lucan North,8406
Lusk,6014
Malahide East,4048
Malahide West,4729
Portmarnock North,11116
Portmarnock South,8880
Rush,5789
Skerries,15926
Sutton,7674
Swords-Forrest,12065
Swords-Glasmore,7465
Swords-Lissenhall,2786
Swords-Seatown,13289
Swords Village,1730
The Ward,2480
Turnapin,2110
Ballinteer-Broadford,2222
Ballinteer-Ludford,1696
Ballinteer-Marley,1828
Ballinteer-Meadowbroads,5323
Ballinteer-Meadowmount,2872
Ballinteer-Woodpark,3629
Ballybrack,6232
Blackrock-Booterstown,3774
Blackrock-Carysfort,2000
Blackrock-Central,3422
Blackrock-Glenomena,2278
Blackrock-Monkstown,1519
Blackrock-Newpark,2612
Blackrock-Seapoint,2810
Blackrock-Stradbrook,2876
Blackrock-Templehill,2713
Blackrock-Williamstown,2683
Cabinteely-Granitefield,5362
Cabinteely-Kilbogget,5106
Cabinteely-Loughlinstown,1911
Cabinteely-Pottery,1446
Churchtown-Castle,3190
Churchtown-Landscape,1968
Churchtown-Nutgrove,1529
Churchtown-Orwell,3754
Churchtown-Woodlawn,1751
Clonskeagh-Belfield,2252
Clonskeagh-Farranboley,3365
Clonskeagh-Milltown,3020
Clonskeagh-Roebuck,1439
Clonskeagh-Windy Arbour,1802
Dalkey-Avondale,1354
Dalkey-Bullock,1536
Dalkey-Coliemore,2144
Dalkey Hill,8844
Dalkey Upper,3495
Dundrum-Balally,7638
Dundrum-Kilmacud,2689
Dundrum-Sandyford,2748
Dundrum-Sweetmount,2604
Dundrum-Taney,2982
D∑n Laoghaire-East Central,4516
D∑n Laoghaire-Glasthule,2321
D∑n Laoghaire-Glenageary,1915
D∑n Laoghaire-Monkstown Farm,2941
D∑n Laoghaire-Mount Town,1434
D∑n Laoghaire-Sallynoggin East,4354
D∑n Laoghaire-Sallynoggin South,3688
D∑n Laoghaire-Sallynoggin West,1758
D∑n Laoghaire-Sandycove,2726
D∑n Laoghaire-Salthill,1758
D∑n Laoghaire-West Central,6324
Foxrock-Beechpark,2523
Foxrock-Carrickmines,1558
Foxrock-Deans Grange,23596
Foxrock-Torquay,3390
Glencullen,6386
Killiney North,5731
Killiney South,3254
Shankill-Rathmichael,5522
Shankill-Rathsallagh,3001
Shankill-Shanganagh,4249
Stillorgan-Deerpark,2973
Stillorgan-Kilmacud,3275
Stillorgan-Leopardstown,2445
Stillorgan-Merville,2269
Stillorgan-Mount Merrion,945
Stillorgan-Priory,4216
Tibradden,3123
Athy East Urban,26306
Athy West Urban,4548
Naas Urban,223
Athy Rural,1245
Ballaghmoon,660
Ballitore,1813
Ballybrackan,321
Ballyshannon,172
Belan,421
Bert,644
Burtown,1853
Carrigeen,554
Castledermot,461
Churchtown,456
Dunmanoge,803
Fontstown,647
Graney,479
Grangemellon,230
Harristown,198
Inchaquire,587
Johnstown,736
Kilberry,441
Kildangan,698
Kilkea,841
Kilrush,5949
Lackagh,502
Monasterevin,867
Moone,1196
Narraghmore,166
Nurney,717
Quinsborough,2559
Skerries,16066
Balraheen,1648
Celbridge,857
Cloncurry,6652
Donadea,8896
Donaghcumper,16755
Kilcock,18729
Leixlip,2513
Maynooth,580
Straffan,1554
Ballynadrumny,2345
Cadamstown,304
Carbury,490
Carrick,269
Cloncurry,804
Drehid,385
Dunfierth,918
Killinthomas,773
Kilpatrick,201
Kilrainy,3122
Lullymore,990
Rathangan,1225
Thomastown,1589
Windmill Cross,2090
Ballymore Eustace,1233
Ballysax East,5091
Ballysax West,2043
Bodenstown,1854
Carnalway,8927
Carragh,860
Clane,3091
Donore,2844
Downings,7874
Droichead Nua (Newbridge) Rural,504
Droichead Nua (Newbridge) Urban,646
Dunmurry,1028
Feighcullen,3695
Gilltown,11587
Kilcullen,5565
Kildare,431
Kill,2707
Killashee,2224
Kilmeage North,638
Kilmeage South,990
Kilteel,16107
Ladytown,3351
Morristownbiller,1019
Naas Rural,1043
Newtown,846
Oldconnell,337
Oughterard,683
Pollardstown,1175
Rathernan,2344
Rathmore,1254
Robertstown,830
Timahoe North,566
Timahoe South,5650
Usk,4118
Kilkenny No. 1 Urban,617
Kilkenny No. 2 Urban,1932
Burnchurch,1969
Callan Rural,467
Callan Urban,460
Coolaghmore,235
Dunamaggan,681
Earlstown,237
Kells,707
Killamery,560
Kilmaganny,217
Kilmanagh,174
Mallardstown,546
Scotsborough,155
Tullaghanbrogue,1075
Boolyglass,169
Fiddown,2002
Muckalee,468
Pilltown,475
Templeorum,250
Tubbrid,453
Tullahought,404
Whitechurch,1587
Attanagh,2397
Ballyragget,1288
Castlecomer,264
Clogh,471
Clogharinka,1311
Kilmacar,499
Moneenroe,625
Mothell,148
Muckalee,265
Brownsford,286
Dysartmoon,428
Jerpoint West,704
Listerlin,501
Rosbercon Rural,865
Shanbogh,390
The Rower,327
Ballinamara,461
Ballybeagh,756
Ballycallan,532
Clara,525
Coolcraheen,675
Dunbell,989
Dunmore,1556
Freshford,903
Gowran,18603
Grange,709
Kilkenny Rural,486
Kilkieran,768
Odagh,1063
Outrath,558
Paulstown,211
Rathcoole,607
Rathealy,929
St. Canice,519
Shankill,322
Tiscoffin,477
Tullaroan,428
Aghaviller,221
Ballyhale,1163
Ballyvool,291
Bennettsbridge,156
Bramblestown,160
Castlebanny,280
Castlegannon,464
Coolhill,530
Danesfort,341
Ennisnag,267
Famma,541
Freaghana,1860
Goresbridge,849
Graiguenamanagh,955
Inistioge,288
Jerpoint Church,399
Kilfane,188
Kilkeasy,543
Kiltorcan,202
Knocktopher,524
Pleberstown,721
Powerstown,2342
Stonyford,230
Thomastown,307
Tullaherin,366
Ullard,517
Woolengrange,239
Balleen,122
Ballyconra,347
Baunmore,361
Clomantagh,311
Galmoy,877
Glashare,287
Johnstown,287
Lisdowney,307
Rathbeagh,1453
Tubbridbrittain,975
Urlingford,348
Aglish,1001
Ballincrea,336
Dunkitt,214
Farnoge,401
Kilbeacon,621
Kilbride,5766
Kilcolumb,703
Kilculliheen,427
Killahy,1501
Kilmakevoge,1137
Pollrone,1121
Portnascully,801
Rathpatrick,1058
Rossinan,2979
Ullid,377
Abbeyleix,838
Aghmacart,1193
Ballinakill,338
Ballyroan,108
Blandsfort,835
Caher,372
Castletown,693
Clash,180
Clonkeen,360
Colt,362
Cuffsborough,151
Cullahill,273
Cullenagh,486
Donaghmore,284
Donore,1383
Dunmore,275
Durrow,183
Dysartgallen,388
Fossy,141
Grantstown,297
Kilcoke,358
Kildellig,325
Killermogh,495
Kilnaseer,1317
Raheen,664
Rathdowney,437
Timahoe,1527
Ballyadams,518
Ballylynan,269
Barrowhouse,456
Curraclone,329
Killabban,410
Luggacurren,287
Moyanna,1912
Rathaspick,405
Stradbally,366
Tankardstown,192
Timogue,292
Vicarstown,1520
Arderin,398
Ballybrittas,711
Ballycarroll,1797
Ballyfin,328
Borris,361
Brisha/Capard,169
Cappalough,423
Cardtown,954
Castlecuffe,2753
Clonaslee,243
Clondarrig,328
Clonin,1524
Coolrain,1338
Dangans,264
Emo,264
Garrymore,532
Graigue,627
Jamestown,599
Kilcolmanbane,305
Kilmullen,309
Kilmurry,148
Lacka,420
Marymount,1090
Meelick,3172
Mountmellick Rural,2681
Mountmellick Urban,91
Mountrath,513
Nealstown,7859
O'More's Forest,17352
Portarlington South,3931
Portlaoighise (Maryborough) Rural,307
Portlaoighise (Maryborough) Urban,442
Rearymore,604
Rosenallis,1001
Sallyford,175
Shaen,284
Tinnahinch,223
Trumra,1012
Ballybrophy,215
Borris-in-Ossory,429
Clonmore,224
Errill,296
Kyle,149
Kyle South,141
Moneenalassa,604
Moneymore,369
Rathsaran,408
Ardough,848
Arless,203
Ballickmoyler,844
Ballylehane,208
Doonane,5330
Farnans,330
Graigue Rural,464
Newtown,316
Rossmore,392
Shrule,4043
Turra,1120
Longford No. 1 Urban,480
Longford No. 2 Urban,2970
Agharra,278
Ballymahon,651
Cashel East,416
Cashel West,3066
Doory,611
Forgney,1161
Foxhall,730
Kilcommock,379
Kilglass,351
Ledwithstown,648
Abbeylara,237
Ballinalee,225
Ballymuigh,585
Bunlahy,397
Columbkille,326
Coolamber,260
Creevy,145
Crosagstown,188
Currygrane,129
Dalystown,200
Drummeel,366
Firry/Newgrove,307
Gelshagh,1268
Granard Rural,188
Granard Urban,140
Knockanbaun,2477
Lislea,367
Meathas Truim,210
Milltown,307
Moatfarrell,320
Moyne,266
Mullanalaghta,687
Sonnagh,730
Aghaboy,509
Ardagh East,622
Ardagh West,530
Ballinamuck East,901
Ballinamuck West,2690
Breanrisk,718
Caldragh,767
Cloondara,420
Cloonee,488
Corboy,1682
Drumgort,487
Drumlish,298
Killashee,5685
Killoe,238
Longford Rural,802
Mountdavis,985
Moydow,1700
Newtown Forbes,11007
Rathcline,4227
Fair Gate,6549
St. Laurence Gate,2380
West Gate,1258
Dundalk Urban No. 1,1712
Dundalk Urban No. 2,6702
Dundalk Urban No. 3,3009
Dundalk Urban No. 4,5478
Ardee Rural,1882
Ardee Urban,711
Castlebellingham,1860
Clonkeen,679
Collon,2364
Dromin,1415
Dromiskin,3270
Drumcar,677
Dunleer,1069
Stabannan,2272
Tallanstown,752
Ballymascanlan,2220
Barronstown,1092
Carlingford,4381
Castlering,875
Castletown,643
Creggan Upper,1505
Darver,21293
Drummullagh,1065
Dundalk Rural,1250
Faughart,9301
Greenore,1321
Haggardstown,922
Jenkinstown,1635
Killanny,880
Louth,1484
Mansfieldstown,1060
Rathcor,3446
Ravensdale,1034
Clogher,1445
Dysart,1870
Monasterboice,10951
Mullary,4003
St. Peter's,6754
Termonfeckin,2219
St. Mary's,3814
Ceanannas Mær (Kells) Urban,1383
Navan Urban,1376
Trim Urban,695
Drumcondra,1291
Grangegeeth,1283
Killary,14217
Culmullin,10698
Donaghmore,8517
Dunboyne,4064
Dunshaughlin,1283
Kilbrew,1879
Killeen,1907
Kilmessan,1106
Kilmore,11894
Rathfeigh,1865
Ratoath,1673
Rodanstown,682
Skreen,220
Ardagh,643
Ballinlough,324
Balrathboyne,281
Boherboy,457
Burry,513
Carrickleck,4980
Castlekeeran,417
Ceanannas Mær (Kells) Rural,458
Cruicetown,857
Girley,444
Kilmainham,471
Kilskeer,495
Loughan,792
Maperath,276
Martry,650
Moybolgue,447
Moynalty,1032
Newcastle,822
Newtown,193
Nobber,427
Posseckstown,982
Staholmog,344
Teltown,2119
Trohanny,6250
Ardcath,11501
Duleek,573
Julianstown,16403
Mellifont,5471
St. Mary's,2363
Stamullin,1137
Ardbraccan,1177
Ardmulchan,1034
Bective,2004
Castletown,2263
Donaghpatrick,31940
Kentstown,1260
Navan Rural,699
Painestown,1936
Rathkenny,751
Slane,1466
Stackallan,590
Tara,377
Crossakeel,315
Crosskeys,420
Killallon,211
Killeagh,423
Knocklough,2333
Moylagh,241
Oldcastle,877
Stonefield,2771
Ardnamullan,567
Athboy,810
Ballyboggan,440
Ballyconnell,2247
Castlejordan,552
Castlerickard,516
Cloghbrack,1065
Clonmacduff,791
Gallow,1260
Galtrim,583
Grennanstown,4858
Hill of Down,576
Innfield,408
Kilbride,1363
Kilcooly,2297
Kildalky,595
Killaconnigan,696
Killyon,517
Laracor,1660
Rahinstown,1095
Rathmolyon,1453
Rathmore,9201
Summerhill,4726
Trim Rural,11957
Birr Urban,741
Tullamore Urban,2215
Ballycumber,1300
Banagher,121
Birr Rural,1044
Broughal,345
Cloghan,334
Clonmacnoise,276
Derrinboy,543
Derryad,361
Doon,454
Dromoyle,153
Drumcullen,1281
Eglish,588
Ferbane,369
Gallen,393
Hinds,398
Huntston,1486
Kilcolman,276
Kilcormac,596
Killyon,223
Kinnitty,356
Knockbarron,161
Lea,353
Letter,548
Lumcloon,263
Lusmagh,628
Mounterin,497
Moyclare,272
Seirkieran,363
Shannonbridge,721
Shannonharbour,1388
Srah,652
Ballyburly,1141
Ballymacwilliam,825
Bracknagh,508
Clonbulloge,570
Clonmore,890
Croghan,7612
Edenderry Rural,495
Edenderry Urban,198
Esker/Ballaghassaan,892
Knockdrin,371
Monasteroris,185
Aghancon,170
Ballincor,200
Barna,784
Cangort,385
Cullenwaine,515
Dunkerrin,291
Ettagh,665
Gorteen,159
Mountheaton,1041
Roscomroe,215
Shinrone,108
Templeharry,659
Tulla,407
Ballycommon,353
Ballyshear,1701
Bawn,4229
Cappancur,727
Clara,1619
Clonygowan,297
Daingean,798
Derrycooley,1659
Durrow,366
Geashill,590
Gorteen,448
Hammerlane,553
Kilclonfert,1321
Kilcumreragh,271
Killeigh,771
Killooly,268
Killoughy,161
Mountbriscoe,2591
O'Dempsey,753
Portarlington North,428
Rahan,460
Raheenakeeran,461
Rathfeston,1513
Rathrobin,822
Screggan,300
Silverbrook,467
Tinamuck,3555
Tinnycross,4811
Tullamore Rural,3403
Athlone East Urban,8020
Athlone West Urban,785
Athlone East Rural,240
Auburn,578
Ballybroder,805
Bellanalack,774
Carn,922
Castledaly,397
Glassan,469
Kilcumreragh,3521
Killinure,743
Moate,3155
Mount Temple,186
Moydrum,719
Muckanagh,293
Tubbrit,494
Umma,735
Ardnagragh,259
Ballymore,261
Doonis,417
Drumraney,129
Noughaval,198
Piercetown,147
Templepatrick,183
Winetown,249
Boherquill,352
Coole,248
Coolure,186
Finnea,128
Glore,386
Knockarrow,268
Rathowen,178
Street,339
Ballinlough,306
Ballyhealy,275
Ballynaskeagh,538
Bracklin,610
Clonarney,266
Collinstown,1135
Copperalley,296
Delvin,422
Faughalstown,404
Fore East,276
Fore West,225
Hilltown,1143
Kilcumny,493
Killua,243
Killulagh,1508
Kilpatrick,515
Kinturk,312
Riverdale,323
Rosmead,633
Ardnaglew,778
Ballinalack/Lackan,389
Ballykilmore,554
Ballymorin,788
Ballynagore,348
Belvidere,1116
Carrick,1736
Castle,824
Castlelost,362
Castletown,380
Churchtown,697
Cloghan,469
Clonfad,260
Clonlost,268
Derrymore,217
Dysart,431
Emper,436
Enniscoffey,176
Gaybrook,285
Glenlough,605
Greenpark,749
Griffinstown,570
Heathstown,449
Hopestown,175
Huntingdon,1909
Jamestown,621
Kilbeggan,369
Kilbixy,2039
Killare,3245
Killucan,609
Kinnegad,223
Knockdrim,389
Lauree,320
Middleton,11633
Milltown,5877
Mullingar Rural,5002
Mullingar North Urban,656
Mullingar South Urban,262
Multyfarnham,480
Newtown,322
Owel,524
Portloman,310
Raharney,400
Rahugh,534
Rathconrath,259
Russellstown,357
Skeagh,236
Sonna,517
Stonehall,449
Streamstown,422
Taghmon,294
Tullaghan,2695
Woodland,3961
Enniscorthy Urban,699
New Ross Urban,1702
Rosbercon Urban,4277
Wexford No. 1 Urban,1392
Wexford No. 2 Urban,818
Wexford No. 3 Urban,503
Ballindaggan,1332
Ballycarney,1705
Ballyhoge,516
Ballyhuskard,802
Ballymore,1252
Ballyvaldon,1509
Bolaboy,964
Bree,502
Castleboro,1284
Castledockrell,987
Castle Ellis,1333
Castle Talbot,1597
Clonroche,10897
Edermine,1598
Enniscorthy Rural,433
Ferns,731
Kilbora,1041
Kilcormick,1550
Killann,848
Kilmallock,476
Killoughrum,510
Kilrush,1113
Kiltealy,460
Marshalstown,2440
Moyacomb,524
Newtownbarry,787
Rossard,522
St. Mary's,1029
The Harrow,1037
The Leap,840
Tinnacross,4410
Tombrack,555
Ardamine,630
Balloughter,1227
Ballybeg,432
Ballycanew,922
Ballyellis,938
Ballygarrett,1381
Ballylarkin,509
Ballynestragh,1199
Cahore,3012
Coolgreany,691
Courtown,8365
Ford,3786
Gorey Rural,365
Gorey Urban,1180
Huntingtown,890
Kilcomb,638
Kilgorman,664
Killenagh,488
Killincooly,1056
Kilnahue,878
Limerick,725
Monamolin,683
Monaseed,887
Rossminoge,1045
Wells,675
Wingfield,793
Adamstown,1363
Ballyanne,104
Ballyhack,636
Barrack Village,546
Barronstown,618
Carnagh,965
Carrickbyrne,463
Clongeen,329
Clonleigh,972
Dunmain,678
Fethard,602
Horetown,433
Inch,763
Kilgarvan,886
Killesk,579
Kilmokea,4164
Newbawn,741
New Ross Rural,498
Oldcourt,922
Old Ross,265
Rathroe,494
Rochestown,840
Templeludigan,1744
Templetown,678
Tintern,621
Whitechurch,3011
Whitemoor,982
Ardcavan,807
Ardcolm,587
Artramon,583
Aughwilliam,1310
Ballymitty,963
Bannow,1831
Bridgetown,1114
Carrick,642
Drinagh,880
Duncormick,609
Forth,560
Glynn,556
Harperstown,332
Harristown,525
Kilbride,508
Kilcowan,927
Killag,768
Killinick,2469
Killurin,762
Kilmore,1073
Kilpatrick,625
Kilscoran,600
Lady's Island,537
Mayglass,1818
Newcastle,2234
Rathaspick,2719
Rosslare,507
St. Helen's,1201
Tacumshin,550
Taghmon,14194
Tomhaggard,541
Wexford Rural,10367
Whitechurch,3023
Arklow No. 1 Urban,1876
Arklow No. 2 Urban,6898
Bray No. 1,6606
Bray No. 2,2348
Bray No. 3,7102
Rathmichael (Bray),153
Wicklow Urban,3029
Ballinguile,4588
Baltinglass,2243
Blessington,463
Burgage,586
Donaghmore,1580
Donard,215
Dunlavin,270
Eadestown,820
Hartstown,351
Hollywood,257
Humewood,271
Imael North,1093
Imael South,861
Kilbride,188
Lackan,498
Lugglass,291
Rathdangan,463
Rathsallagh,456
Stratford,472
Talbotstown,495
The Grange,387
Tober,314
Togher,7707
Tuckmill,3173
Delgany,8137
Enniskerry,15082
Greystones,889
Kilmacanoge,388
Powerscourt,1415
Altidore,1973
Arklow Rural,728
Aughrim,696
Avoca,369
Ballinaclash,508
Ballinacor,1144
Ballinderry,339
Ballyarthur,760
Ballycullen,374
Brockagh,533
Calary,925
Cronebane,954
Dunganstown East,481
Dunganstown South,465
Dunganstown West,311
Ennereilly,2861
Glendalough,928
Glenealy,12163
Kilbride,1637
Kilcoole,252
Killiskey,340
Knockrath,2472
Moneystown,4790
Newcastle Lower,671
Newcastle Upper,3173
Oldtown,1500
Rathdrum,348
Togher,10247
Trooperstown,262
Wicklow Rural,415
Aghowle,234
Ballingate,217
Ballinglen,1873
Ballybeg,286
Carnew,528
Coolattin,613
Coolballintaggart,181
Coolboy,405
Cronelea,369
Kilballyowen,452
Killinure,165
Kilpipe,287
Money,633
Rath,1634
Shillelagh,1562
Tinahely,2116
Ennis No. 1 Urban,204
Ennis No. 2 Urban,1479
Ennis No. 3 Urban,2790
Ennis No. 4 Urban,525
Kilrush Urban,146
Abbey,120
Carran,667
Derreen,153
Drumcreehy,1268
Gleninagh,91
Lisdoonvarna,182
Mountelva,152
Noughaval/Castletown,97
Oughtmama,358
Rathborney,1362
Boston,222
Corrofin,347
Glenroe/Ballyeighter,194
Killinaboy,374
Kiltoraght,268
Muckanagh,767
Rath,3541
Ruan,10905
Clareabbey,1080
Clenagh,2147
Crusheen,933
Doora,334
Drumline,19353
Dysert,288
Ennis Rural,738
Furroor,809
Kilcloher,629
Killanniv,959
Killone,576
Kilnamona,313
Kilraghtis,2097
Kinturk,2887
Newmarket,725
Sixmilebridge,1290
Spancelhill,681
Templemaley,1069
Tomfinlough,516
Urlan,191
Annagh,781
Ballagh,398
Ballyea,422
Ballysteen,201
Ballyvaskin,252
Cloghaun,245
Cloonanaha,2514
Clooney,223
Ennistimon,406
Formoyle,309
Kilfenora,816
Killaspuglonane,136
Killilagh,446
Kilshanny,296
Liscannor,317
Lurraga,1769
Magherareagh,765
Milltown Malbay,161
Moy,231
Smithstown,703
Ballynacally,266
Clondagad,459
Coolmeen,345
Kilchreest,955
Kilfiddane,311
Killadysert,275
Killofin,583
Kilmurry,661
Liscasey,207
Lisheen,225
Rinealon,488
Cahermurphy,389
Cloonadrum,514
Clooncoorha,433
Cooraclare,790
Creegh,449
Doonbeg,312
Drumellihy,389
Einagh,255
Glenmore,373
Kilballyowen,1214
Kilfearagh,294
Kilkee,425
Killard,716
Killimer,838
Kilmihil,738
Kilmurry,232
Kilrush Rural,303
Knock,204
Knocknaboley,90
Knocknagore,234
Moveen,194
Moyarta,210
Mullagh,338
Querrin,95
Rahona,90
St. Martin's,155
Tullig,1041
Tullycreen,6030
Ballycannan,1111
Ballyglass,495
Cappavilla,586
Castlecrine,307
Cloghera,1404
Cloontra,364
Cratloe,900
Fahymore,158
Killeely,819
Killokennedy,1987
Kilseily,124
Kiltenanlea,1410
Lackareagh,682
Mountievers,373
O'Briensbridge,288
Ayle,212
Boherglass,210
Caherhurley,158
Cappaghabaun,279
Carrowbaun,213
Cloonusker,188
Coolreagh,147
Corlea/Cahermurphy,651
Derrynagittagh,452
Drummaan,374
Feakle,2300
Inishcaltra North/Inishcaltra South,463
Killaloe,794
Mountshannon,1425
Ogonnelloe,154
Scarriff,252
Ballyblood,225
Ballynahinch,539
Caher,245
Clooney,190
Dangan,1029
Glendree,282
Kilkishen,444
Killanena,210
Killuran,337
Kiltannon,161
Kyle,281
Loughea,1524
Newgrove,134
Quin,718
Rathclooney,185
Rossroe,1138
Toberbreeda,743
Tulla,497
Ballinlough A,299
Ballinlough B,623
Ballinlough C,239
Ballyphehane A,518
Ballyphehane B,1525
Bishopstown A,264
Bishopstown B,523
Bishopstown C,750
Bishopstown D,838
Bishopstown E,510
Blackpool A,382
Blackpool B,381
Browningstown,610
Centre A,20497
Centre B,736
Churchfield,849
City Hall A,1853
City Hall B,1656
Commons,727
Evergreen,635
Fair Hill A,325
Fair Hill B,289
Fair Hill C,794
Farranferris A,1975
Farranferris B,924
Farranferris C,408
Gillabbey A,404
Gillabbey B,1926
Gillabbey C,11841
Glasheen A,1789
Glasheen B,295
Glasheen C,1007
Greenmount,398
Gurranebraher A,1409
Gurranebraher B,4660
Gurranebraher C,885
Gurranebraher D,994
Gurranebraher E,420
Knocknaheeny,1035
Knockrea A,778
Knockrea B,666
Mahon A,846
Mahon B,355
Mahon C,2267
Mardyke,756
Mayfield,3358
Montenotte A,561
Montenotte B,246
Pouladuff A,401
Pouladuff B,358
St. Patrick's A,190
St. Patrick's B,279
St. Patrick's C,218
Shanakiel,318
Shandon A,421
Shandon B,2292
South Gate A,2016
South Gate B,5074
Sundays Well A,1513
Sundays Well B,3213
The Glen A,1103
The Glen B,760
The Lough,2364
Tivoli A,5894
Tivoli B,753
Togher A,695
Togher B,664
Tramore A,666
Tramore B,1077
Tramore C,458
Turners Cross A,1965
Turners Cross B,298
Turners Cross C,534
Turners Cross D,644
Clonakilty Urban,8080
Cobh Urban,406
Fermoy Urban,333
Kinsale Urban,722
Macroom Urban,308
Mallow North Urban,159
Mallow South Urban,225
Midleton Urban,13249
Skibbereen Urban,3212
Youghal Urban,346
Ballinadee,536
Ballygroman,1325
Ballymodan,1617
Ballymurphy,8181
Bandon,441
Baurleigh,861
Bengour,222
Boulteen,464
Brinny,817
Cashel,550
Inishannon,1202
Kilbonane,720
Kilbrittain,1060
Kilbrogan,500
Knockavilly,925
Knockroe,278
Moviddy,1260
Murragh,2441
Rathclarin,1543
Teadies,1286
Templemartin,1184
Ahil,1244
Bantry Rural/Whiddy,213
Bantry Urban,373
Douce,388
Durrus East,2213
Durrus West,4475
Glanlough,894
Glengarriff,355
Kealkill,150
Kilcaskan,291
Mealagh,608
Scart,220
Seefin,1234
Sheepshead,386
Adrigole,4730
Bear,9050
Coulagh,6979
Curryglass,1111
Kilcatherine,216
Killaconenagh,399
Kilnamanagh,703
Abbeymahon,1210
Ardfield,458
Argideen,435
Butlerstown,995
Cahermore,2810
Castleventry,582
Clonakilty Rural,905
Coolcraheen,205
Courtmacsherry,205
Derry,584
Kilkerranmore,443
Kilmaloda East,429
Kilmaloda West,427
Kilmoylerane,266
Kilnagross,229
Knocks,512
Rathbarry,242
Rosscarbery,528
Rossmore,1555
Templeomalus,470
Timoleague,260
Ballincollig,22191
Ballygarvan,268
Ballynaglogh,388
Bishopstown,1618
Blackpool,2032
Blarney,297
Caherlag,636
Carrigaline,628
Carrignavar,3061
Carrigrohane Beg,187
Cobh Rural,1734
Douglas,818
Dripsey,251
Dunderrow,1264
Firmount,1557
Glenville,283
Greenfort,690
Inishkenny,1437
Killeagh,716
Knockantota,753
Knockraha,3441
Lehenagh,498
Matehy,532
Monkstown Rural,2074
Monkstown Urban,895
Ovens,855
Rathcooney,4971
Riverstown,2580
St. Mary's,735
Whitechurch,409
Aultagh,311
Ballingurteen,699
Ballymoney,2568
Bealanageary,1173
Bealock,2116
Carrigboy,221
Castletown,456
Coolmountain,1156
Drinagh,795
Dunmanway North,843
Dunmanway South,2702
Garrown,1181
Kinneigh,429
Manch,716
Milane,224
Teerelton,220
Aghern,542
Ballyhooly,330
Ballynoe,474
Carrig,815
Castlecooke,1326
Castle Hyde,1440
Castlelyons,807
Castletownroche,2076
Coole,309
Curraglass,726
Fermoy Rural,666
Glanworth East,1101
Glanworth West,923
Gortnaskehy,1086
Gortroe,3052
Kilcor,376
Kilcummer,624
Kildinan,586
Killathy,2094
Kilworth,5946
Knockmourne,2287
Leitrim,357
Rathcormack,588
Watergrasshill,806
Allow,1344
Ballyhoolahan,365
Banteer,646
Barleyhill,2902
Barnacurra,895
Bawncross,780
Boherboy,447
Castlecor,408
Castlemagner,333
Clonfert East,212
Clonfert West,888
Clonmeen,283
Coolclogh,681
Dromina,807
Glenlara,615
Gortmore,159
Greenane,533
Kanturk,1613
Kilbrin,422
Kilmeen,688
Knockatooan,1588
Knocktemple,371
Meens,1034
Milford,709
Nad,378
Newmarket,203
Newtown,344
Roskeen,1337
Rosnalee,339
Rowls,587
Tincoora,380
Tullylease,731
Williamstown,557
Ballinspittle,557
Ballyfeard,1140
Ballyfoyle,1808
Ballymackean,442
Ballymartle,5605
Carrigaline,2631
Coolmain,395
Cullen,1074
Farranbrien,323
Kilmonoge,477
Kilpatrick,1415
Kinsale Rural,610
Kinure,4049
Laherne,1767
Leighmoney,1613
Liscleary,1187
Nohaval,767
Templebreedy,333
Templemichael,555
Aghinagh,510
Aglish,609
B⁄al ?tha an Ghaorthaidh (Maigh Chromtha),814
Ceann Droma,381
Cannaway,627
Cleanrath,5124
Clondrohid,1113
Clonmoyle,244
Doire Fh›n›n,905
Gort na Tiobratan,4395
Gowlane,561
Greenville,1148
Inchigeelagh,5415
Kilberrihert,5148
Kilcullen,3329
Kilnamartery,6484
Macloneigh,5045
Magourney,2879
Mashanaglass,598
Mountrivers,1051
Rahalisk,412
An Sliabh Riabhach,502
Na hUlﬂin,3290
Warrenscourt,2846
Ardskeagh,401
Ballyclogh,457
Ballynamona,10049
Buttevant,3797
Caherduggan,185
Carrig,692
Churchtown,441
Clenor,5219
Doneraile,781
Dromore,856
Imphrick,1262
Kilmaclenine,5401
Kilshannig,1720
Liscarroll,2393
Mallow Rural,726
Milltown,1592
Monanimy,541
Rahan,818
Rathluirc,98
Shanballymore,1579
Skahanagh,983
Springfort,345
Streamhill,2836
Templemary,757
Wallstown,1643
Ballintemple,615
Ballycottin,926
Ballyspillane,569
Carrigtohill,717
Castlemartyr,563
Clonmult,9083
Cloyne,2643
Corkbeg,4446
Dangan,4768
Dungourney,493
Garryvoe,380
Ightermurragh,1160
Inch,370
Lisgoold,1379
Midleton Rural,162
Mogeely,331
Rostellan,351
Templebodan,3804
Templenacarriga,662
Caherbarnagh,2130
Coomlogane,1409
Crinnaloo,198
Cullen,429
Derragh,432
Doonasleen,173
Drishane,1400
Keale,3059
Kilcorney,1120
Knocknagree,978
Rathcool,2588
Skagh,1084
Ballyarthur,636
Derryvillane,6307
Farahy,1955
Kildorrery,1403
Kilgullane,920
Kilphelan,107
Marshalstown,761
Mitchelstown,995
Templemolaga,992
Aghadown North,650
Aghadown South,709
Bredagh,4498
Caheragh,836
Cape Clear,344
Carrigbaun,778
Castlehaven North,337
Castlehaven South,619
Cloghdonnell,786
Cloonkeen,2504
Drinagh,3615
Dromdaleague North,1641
Dromdaleague South,702
Garranes,515
Gortnascreeny,1736
Kilfaughnabeg,2713
Killeenleagh,2324
Knockskagh,683
Myross,216
Shreelane,769
Skibbereen Rural,1055
Tullagh,2979
Woodfort,833
Ballybane,412
Ballydehob,807
Coolagh,1239
Crookhaven,755
Dunbeacon,495
Dunmanus,644
Goleen,270
Kilcoe,789
Lowertown,1930
Skull,1166
Toormore,3238
Ardagh,504
Clonpriest,393
Kilcronat,1367
Killeagh,7663
Kilmacdonogh,10487
Youghal Rural,4230
Killarney Urban,6104
Listowel Urban,196
Tralee Urban,419
Bahaghs,102
Baile an Sceilg,2061
Ballybrack,316
Caher,225
Caherdaniel,583
Canuig/Mﬂistir Gaoithe,187
Castlequin,193
Curraghbeg,255
Darrynane,962
Doire Ianna/Cloon,1269
Emlagh,298
Glanbehy,99
Killinane,343
Lickeen,265
Loughcurrane,365
Maum,175
Portmagee,297
Toghroinn Fh›onﬂin,658
Teeranearagh,586
Valencia,136
Ballinvoher,298
An Baile Dubh,159
Ballynacourty,1041
C⁄ Bhr⁄anainn,260
Castlegregory,376
An Clochﬂn,1671
Deelis,209
An Daingean,481
D∑n Chaoin,1806
D∑n Urlann,160
Na Gleannta,514
Inch,422
Cill Maoilch⁄adair,330
Cill Chuﬂin,273
Cinn Aird,256
Lack,444
Mﬂrthain,238
An Mhin Aird,422
Stradbally,193
Ceann Trﬂ,267
Ardea,404
Banawn,350
Cappagh,611
Castlecove,308
Dawros,193
Dromore,158
Glanlee,245
Glanlough,226
Glanmore,3520
Greenane,788
Kenmare,136
Kilgarvan,172
Loughbrin,836
Reen,239
Sneem,870
Tahilla,520
Aghadoe,200
Aglish,805
Ballyhar,999
Brewsterfield,498
Caragh,125
Churchtown,900
Clydagh,2109
Coolies,382
Coom,270
Curraghmore,694
Currans,852
Doocarrig,862
Dromin,426
Dunloe,1047
Flesk,632
Headfort,2348
Kilbonane,236
Kilcummin,984
Kilfelim,7735
Kilgobnet,872
Killarney Rural,4670
Killeentierna,1052
Killorglin,307
Kilnanare,741
Knocknahoe,2439
Lahard,1718
Milltown,881
Molahiffe,1941
Muckross,427
Rathmore,685
Rockfield,496
Ardagh,461
Astee,444
Ballincloher,846
Ballyconry,92
Ballyduff,455
Ballyegan,150
Ballyhorgan,374
Beal,628
Carrig,289
Causeway,539
Cloontubbrid,521
Drommartin,559
Duagh,278
Ennismore,369
Gullane,993
Gunsborough,2064
Kilfeighny,491
Killehenny,752
Killury,234
Kilmeany,425
Kilshenane,560
Kiltomy,552
Leitrim,348
Lislaughtin,1654
Lisselton,1134
Listowel Rural,493
Lixnaw,1135
Moynsha,423
Newtownsandes,221
Rathea,757
Shronowen,483
Tarbert,486
Tarmon,376
Trienearagh,1244
Urlee,1664
Abbeydorney,1100
Arabela,384
Ardfert,1446
Ballyegan,1684
Ballyheige,549
Ballynahaglish,1968
Ballynorig,793
Ballyseedy,360
Banna,719
Baurtregaum,504
Blennerville,734
Boolteens,444
Brosna,3392
Carker,1535
Castleisland,279
Clogherbrien,310
Cordal,204
Crinny,677
Derreen,375
Doon,624
Gneeves,264
Kerryhead,694
Kilflyn,297
Kilgarrylander,395
Kilgobban,304
Killahan,558
Kilmurry,397
Kiltallagh,733
Knockglass,435
Knocknagashel,487
Lackabaun,174
Millbrook,391
Mount Eagle,538
Nohaval,1080
O'Brennan,694
Ratass,19032
Scartaglin,870
Tralee Rural,4626
Tubrid,2807
Abbey A,670
Abbey B,1477
Abbey C,2366
Abbey D,1353
Ballinacurra A,3030
Ballinacurra B,1125
Ballynanty,549
Castle A,1429
Castle B,2063
Castle C,1680
Castle D,893
Coolraine,3080
Custom House,1255
Dock A,1121
Dock B,802
Dock C,1028
Dock D,1432
Farranshone,739
Galvone A,641
Galvone B,1218
Glentworth A,555
Glentworth B,747
Glentworth C,1038
John's A,503
John's B,1455
John's C,890
Killeely A,2253
Killeely B,1061
Market,647
Prospect A,1848
Prospect B,988
Rathbane,1299
St. Laurence,1242
Shannon A,1651
Shannon B,3777
Singland A,7364
Singland B,411
Limerick North Rural,617
Abbeyville,2225
Adare North,970
Adare South,506
Ballingarry,296
Ballyagran,330
Ballygrennan,496
Ballynabanoge,396
Ballynoe,469
Castletown,463
Coolrus,461
Crean,1931
Crecora,698
Croom,1340
Dunnaman,317
Fedamore,553
Garrane,314
Grange,561
Kilfinny,307
Kilpeacon,230
Rathmore,1207
Fleanmore,442
Glin,398
Kilfergus,370
Kilmoylan,402
Ardpatrick,473
Athlacca,1460
Ballymacshaneboy,1294
Bruff,332
Bruree,761
Bulgaden,535
Cahercorney,375
Colmanswell,577
Darragh,850
Dromin,474
Emlygrennan,309
Glenbrohane,1296
Griston,1147
Hospital,231
Kilfinnane,2389
Kilflyn,611
Kilmallock,784
Kilteely,918
Knockainy,222
Knocklong,337
Particles,694
Rockhill,654
Tobernea,1367
Uregare,1932
Abington,19394
Ballybricken,16540
Ballycummin,4513
Ballysimon,576
Ballyvarra,2318
Caherconlish East,388
Caherconlish West,1424
Caherelly,658
Cappamore,3607
Carrig,1993
Castleconnell,1055
Clarina,266
Clonkeen,1240
Doon West,911
Glenstal,2215
Kilmurry,1490
Limerick South Rural,1580
Patrickswell,341
Roxborough,659
Anglesborough,408
Ballylanders,326
Cullane,588
Duntryleague,270
Galbally,315
Kilbeheny,241
Kilglass,272
Knocknascrow,2629
Riversdale,1037
Abbeyfeale,386
Ardagh,336
Ballintober,142
Ballynoe West,993
Boola,400
Broadford,264
Caher,353
Cleanglass,433
Cloncagh,928
Danganbeg,930
Dromcolliher,340
Dromtrasna,263
Feenagh,540
Garryduff,719
Glenagower,446
Glengort,368
Glensharrold,541
Kilmeedy,550
Knockaderry,1260
Mahoonagh,492
Monagay,383
Mountcollins,2491
Mountplummer,5602
Newcastle Rural,498
Newcastle Urban,937
Port,289
Rathronan,1038
Rooskagh,626
Templeglentan,1232
Askeaton East,252
Askeaton West,421
Aughinish,947
Ballyallinan,460
Ballynacarriga,258
Castletown,833
Craggs,916
Croagh,523
Dromard,98
Dunmoylan East,350
Dunmoylan West,839
Iveruss,688
Kilcornan,612
Kildimo,479
Kilscannell,664
Lismakeery,98
Loghill,714
Mohernagh,1104
Nantinan,315
Pallaskenry,1408
Rathkeale Rural,601
Rathkeale Urban,922
Riddlestown,542
Shanagolden,417
Shanid,1352
Bilboa,1548
Doon South,1119
Grean,588
Oola,3538
Templebredon,5969
Nenagh East Urban,2005
Nenagh West Urban,7122
Templemore,267
Thurles Urban,579
Aglishcloghane,365
Ballingarry,1471
Ballylusky,186
Borrisokane,1195
Carrig,326
Cloghjordan,249
Cloghprior,209
Clohaskin,303
Finnoe,646
Graigue,301
Kilbarron,321
Lorrha East,194
Lorrha West,311
Mertonhall,126
Rathcabban,609
Redwood,575
Riverstown,252
Terryglass,640
Uskane,350
Abington,636
Aghnameadle,3414
Ardcrony,673
Ballina,582
Ballygibbon,745
Ballymackey,743
Ballynaclogh,484
Birdhill,748
Burgesbeg,1497
Carrigatogher,490
Castletown,212
Derrycastle,427
Dolla,743
Greenhall/Lackagh,663
Kilcomenty,510
Kilkeary,705
Killoscully,474
Kilmore,376
Kilnaneave,797
Kilnarath,690
Knigh,694
Latteragh,1980
Monsea,3167
Nenagh Rural,115
Newport,1001
Templederry,310
Youghalarra,133
Borrisnafarney,317
Borrisnoe,411
Bourney East,480
Bourney West,371
Killavinoge,269
Killea,6606
Rathnaveoge,401
Roscrea,424
Timoney,241
Ballycahill,1257
Ballymurreen,1212
Borrisoleigh,371
Drom,479
Foilnaman,594
Glenkeen,1437
Gortkelly,407
Holycross,556
Inch,1057
Kilrush,326
Littleton,662
Longfordpass,408
Loughmoe,541
Moyaliff,534
Moycarky,779
Moyne,823
Rahelty,2365
Templetouhy,828
Thurles Rural,311
Twomileborris,1484
Upperchurch,4519
Carrickbeg Urban,2652
Carrick-on-Suir Urban,4155
Cashel Urban,5814
Clonmel East Urban,2513
Clonmel West Urban,2047
Tipperary East Urban,515
Tipperary West Urban,663
Carrick-on-Suir Rural,360
Garrangibbon,410
Kilmurry,665
Newtown,470
Ardmayle,540
Ardsallagh,3083
Ballysheehan,242
Cashel Rural,497
Clogher,528
Cloneen,709
Clonoulty East,457
Clonoulty West,582
Colman,692
Cooleagh,997
Drangan,768
Fethard,155
Gaile,438
Graigue,677
Greystown,1223
Killeenasteena,1018
Killenaule,778
Kilpatrick,717
Knockgraffon,622
Magorban,575
Nodstown,1444
Oughterleague,706
Peppardstown,1178
Tullamain,500
Ardfinnan,964
Ballybacon,472
Ballyporeen,1230
Burncourt,1011
Caher,622
Clogheen,709
Coolagarranroe,2308
Derrygrath,573
Kilcommon,1689
Kilcoran,726
Mortlestown,653
Newcastle,1116
Tubbrid,297
Tullaghmelan,1049
Tullaghorton,5750
Ballyclerahan,3489
Clonmel Rural,791
Inishlounaght,1457
Kilcash,299
Kilsheelan/Killaloan,881
Kiltinan,402
Lisronagh,767
Anner,410
Ballingarry,697
Ballyphilip,282
Buolick,453
Crohane,563
Farranrory,314
Fennor,444
Kilcooly,382
Kilvemnon,886
Modeshil,452
Mullinahone,162
New Birmingham,346
Poyntstown,263
Ballycarron,892
Ballygriffin,868
Ballykisteen,333
Bansha,1006
Bruis,777
Cappagh,284
Clonbeg,291
Cullen,656
Curraheen,626
Donohill,682
Drumwood,250
Emly,881
Glengar,500
Golden,561
Kilfeakle,576
Killadriffe,529
Kilmucklin,384
Lattin,276
Rathlynin,390
Rodus,241
Shronell,461
Solloghodbeg,385
Templeneiry,2159
Thomastown,2841
Tipperary Rural,311
Ballybeg North,171
Ballybeg South/Ballynaneashagh,1298
Ballybricken West,2269
Ballymaclode,6563
Ballynakill,970
Ballytruckle,889
Bilberry,293
Centre A,2610
Centre B,367
Cleaboy,335
Custom House A,6004
Custom House B,862
Farranshoneen,2074
Ferrybank,898
Gracedieu,3211
Grange North,2510
Grange South,2758
Grange Upper,1305
Kilbarry,1008
Kingsmeadow,996
Larchville,844
Lisduggan,667
Military Road,291
Morrisson's Avenue East,518
Morrisson's Avenue West,1169
Morrisson's Road,565
Mount Sion,1048
Newport's Square,1589
Newtown,1611
Park,790
Poleberry,356
Roanmore,699
Shortcourse,1068
Slievekeale,2109
The Glen,446
Ticor North,5102
Ticor South,3834
Dungarvan No. 1 Urban,207
Dungarvan No. 2 Urban,463
Ballydurn,420
Carrickbeg Rural,236
Clonea,461
Fenoagh,845
Glen,461
Kilmeadan,1653
Mothel,239
Portlaw,308
Rathgormuck,575
Ross,550
Ballymacarbry,383
Graignagower,464
Gurteen,233
Kilmacomma,733
Kilronan,246
St. Mary's,404
Ardmore,326
Baile Mhac Airt,408
Bohadoon,559
Cappagh,2505
Carriglea,722
Clonea,268
Colligan,832
Coumaraglin,257
Dromana,2096
Dromore,240
Dungarvan Rural,209
Keereen,338
Knockaunbrandaun,90
Modelligo,1548
Mountstuart,464
Ringville,223
Seskinan,917
Whitechurch,266
Annestown,273
Ballylaneen,532
Carrigcastle,276
Comeragh,373
Dunhill,505
Fews,435
Fox's Castle,234
Gardenmorris,471
Georgestown,1423
Kilbarrymeaden,419
Kilmacthomas,455
Knockmahon,502
Mountkennedy,900
Newtown,93
Stradbally,341
Tinnasaggart,495
Ballyduff,542
Ballyhane,207
Ballyin,363
Ballynamult,1297
Ballysaggartmore,494
Cappoquin,256
Castlerichard,221
Drumroe,240
Gortnapeaky,130
Kilcockan,241
Kilwatermoy East,1256
Kilwatermoy West,777
Lismore Rural,237
Lismore Urban,335
Mocollop,1322
Modelligo,432
Tallow,419
Ballynakill,2115
Drumcannon,2707
Faithlegg,245
Islandikane,1656
Kilbarry,587
Killea,402
Killoteran,778
Kilmacleague,555
Kilmeadan,523
Newcastle,1228
Pembrokestown,1304
Rathmoylan,9949
Reisk,635
Tramore,810
Woodstown,603
Ardmore,466
Ballyheeny,197
Clashmore,241
Glenwilliam,387
Grallagh,616
Grange,465
Kinsalebeg,13453
Templemichael,943
Ballybaan,16551
Ballybrit,4315
Barna,2755
Castlegar,4621
Claddagh,4456
Dangan,1481
Eyre Square,891
Knocknacarragh,5407
Lough Atalia,2278
Menlough,2909
Mervue,2017
Murroogh,1716
Newcastle,3486
Nuns Island,1454
Rahoon,1837
Renmore,3232
Rockbarton,3608
St. Nicholas,2015
Salthill,3141
Shantalla,1848
Taylors Hill,7361
Wellpark,464
Ballinasloe Urban,619
Abbeygormacan,576
Ahascragh,555
Aughrim,316
Ballinasloe Rural,454
Ballymacward,218
Clonfert,386
Clontuskert,658
Kellysgrove,572
Kilconnell,512
Killaan,288
Killallaghtan,739
Killoran,234
Killure,538
Kilmacshane,146
Kiltormer,397
Kylemore,264
Laurencetown,446
Lismanny,516
Oatfield,219
Ballynakill,406
Bencorr,304
Bunowen,2059
Cleggan,272
Clifden,318
Cushkillary,97
Derrycunlagh/Derrylea,234
Doonloughan,105
Errislannan,184
An Uillinn,875
Inishbofin,334
An Cnoc Bu›,299
Moyrus,1253
Abhainn Ghabhla,445
Rinvyle,466
Roundstone,606
Sillerna,1978
Scainimh,1317
Eanach Dh∑in,1609
Aughrim,1233
Ballintemple,3866
Ballynacourty,670
Barna,2791
Belleville,1040
An Carn Mær,2388
Ceathr∑ an Bhr∑naigh,4143
Baile Chlﬂir,1440
Clarinbridge,1634
Deerpark,211
Na Forbacha,1347
Galway Rural,1403
?rainn,1108
Kilcummin,1614
Cill Aithn›n,1601
Lackaghbeg,1085
Liscananaun,2459
Lisheenavalla,4721
Maigh Cuilinn,1503
Oranmore,797
Sailearna,1842
Sliabh an Aonaigh,1186
An Spid⁄al,2303
Stradbally,340
Tullokyne,398
Ballinastack,434
Ballymoe,245
Ballynakill,351
Boyounagh,198
Creggs,925
Curraghmore,252
Glennamaddy,596
Island,211
Kilcroan,525
Kiltullagh,247
Raheen,355
Scregg,419
Shankill,315
Templetogher,722
Toberroe,612
Ardamullivan,213
Ardrahan,789
Ballycahalan,620
Beagh,121
Cahermore,693
Cappard,882
Castletaylor,1561
Doorus,3186
Drumacoo,357
Gort,1929
Kilbeacanty,903
Killeely,492
Killeenavarra,859
Killinny,101
Kiltartan,1558
Kilthomas,363
Kinvarra,536
Rahasane,429
Skehanagh,5765
Aille,217
Athenry,495
Ballynagar,340
Bracklagh,416
Bullaun,571
Cappalusk,485
Castleboy,136
Cloonkeen,2092
Colmanstown,99
Craughwell,625
Derrylaur,421
Drumkeary,805
Graigabbey,1086
Grange,307
Greethill,678
Kilchreest,741
Kilconickny,373
Kilconierin,981
Killimor,672
Killogilleen,373
Kilmeen,393
Kilreekill,827
Kilteskill,425
Kiltullagh,553
Lackalea,898
Leitrim,6322
Loughrea Rural,255
Loughrea Urban,299
Marblehill/Loughatorick,297
Mountain,645
Movode,792
Raford,468
Tiaquin,383
Woodford,647
Annagh,380
Ballynakill,551
Caltra,522
Castleblakeney,606
Castleffrench,353
Clonbrock,580
Cloonkeen,976
Cooloo,1301
Derryglassaun,364
Killeroran,1972
Killian,544
Mount Bellew,229
Mounthazel,332
Taghboy,1267
Camas,308
An Fhairche,2665
Conga,154
An Crompﬂn,1324
An Chorr,170
Garmna,262
Cill Chuim›n,283
Letterbrickaun,883
Letterfore,2819
Leitir Mæir,309
Oughterard,555
An Ros,2602
An Turlach,274
Wormhole,179
Abbeyville,254
Ballyglass,186
Coos,390
Derrew,468
Drummin,715
Eyrecourt,221
Killimor,303
Kilmalinoge,296
Kilquain,153
Meelick,406
Moat,2504
Pallas,184
Portumna,472
Tiranascragh,655
Tynagh,884
Abbey East,587
Abbey West,1451
Addergoole,597
Annaghdown,725
Ballinderry,1101
Ballinduff,394
Ballynapark,792
Beaghmore,405
Belclare,485
Carrownagur,1132
Carrowrevagh,388
Claretuam,493
Clonbern,1160
Cloonkeen,584
Cummer,626
Donaghpatrick,604
Doonbally,891
Dunmore North,675
Dunmore South,1864
Foxhall,693
Headford,349
Hillsbrook,662
Kilbennan,617
Kilcoona,734
Killeany,770
Killeen,925
Killererin,1135
Killower,1171
Killursa,420
Kilmoylan,437
Kilshanvy,704
Levally,794
Milltown,703
Monivea,878
Moyne,399
Ryehill,6556
Toberadosh,3924
Tuam Rural,1317
Tuam Urban,321
Ballinamore,247
Cloverhill,178
Corrala,153
Drumreilly North,586
Drumreilly South,372
Garadice,128
Greaghglass/Stralongford,299
Killygar,98
Newtowngore,82
Oughteragh,249
Aghacashel,152
Annaduff,4445
Barnameenagh,167
Carrick-on-Shannon,1632
Drumreilly West/Drumreilly East,740
Drumshanbo,308
Drumsna,360
Gortnagullion,618
Gowel,182
Keshcarrigan,1380
Kiltubbrid,217
Leitrim,238
Moher,232
Yugan,233
Aghalateeve/Aghanlish,803
Aghavoghill/Melvin,1036
Gubacreeny,755
Kinlough,196
Tullaghan,297
Ballaghameehan,153
Belhavel,310
Cloonclare,1714
Cloonlogher,287
Drumahaire,233
Drumkeeran,156
Garvagh/Arigna,181
Glenade,237
Glenaniff,283
Glenboy,161
Glencar,366
Glenfarn,221
Killanummery,255
Killarga,444
Kiltyclogher,346
Lurganboy,2064
Mahanagh,186
Manorhamilton,406
Munakill,131
Sramore,321
St. Patrick's,336
Aghavas,274
Beihy,154
Breandrum,302
Bunnybeg,629
Carrigallen East,184
Carrigallen West,237
Cashel,269
Castlefore,386
Cattan,167
Cloone,223
Corriga,356
Drumard,1010
Drumdoo,369
Drumod,289
Fenagh,199
Gortermone,206
Keeldra,1317
Lisgillock,466
Mohill,243
Rinn,832
Riverstown,275
Roosky,2416
Rowan,4246
Ardnaree South Urban,6635
Ballina Urban,6252
Castlebar Urban,365
Westport Urban,954
Ardagh,3096
Ardnaree North,378
Ardnaree South Rural,273
Attymass East,3199
Attymass West,585
Ballina Rural,620
Ballycastle,150
Ballysakeery,79
B⁄al Deirg Mær,896
Bunaveela,1105
Carrowmore,870
Crossmolina North,491
Crossmolina South,202
Deel,556
Derry,242
Fortland,250
Kilfian East,109
Kilfian South,857
Kilfian West,1325
Kilgarvan,306
Killala,460
Lackan North,114
Lackan South,1300
Letterbrick,248
Mount Falcon,509
Rathoma,1179
Sallymount,235
Sraheen,4118
Baile an Chalaidh,238
Ballinrobe,453
Ballyovey,366
Burriscarra,994
An Cheapaigh Dhuibh,306
Cong,1169
Coonard,867
Dalgan,659
Hollymount,676
Houndswood,1014
Kilcommon,879
Kilmaine,554
Neale,213
Newbrook,603
Abhainn Bhrain,443
Portroyal,1211
Roslee,1014
Shrule,881
An Geata Mær Thuaidh,508
An Geata Mær Theas,99
Bangor,2143
Barr R∑sca›,209
B⁄al an Mhuirthead,499
Gleann na Muaidhe,79
Gleann Chaisil,130
Glenco/Sheskin,314
Goolamore,768
Cnoc an Daimh,249
Cnoc na Lobhar,223
Moing na Bæ,695
Na Monga,900
Cnoc na Rﬂithe,1661
Addergoole,621
Balla,640
Ballinafad,347
Ballyhean,1084
Ballynagoraher,1964
Bellavary,366
Breaghwy,7935
Burren,618
Castlebar Rural,779
Clogher,180
Cloonkeen,518
Croaghmoyle,991
Killavally,512
Manulla,647
Pontoon,378
Strade,1560
Tawnynagry,917
Turlough,3531
Ballindine,479
Ballyhaunis,776
Ballyhowly,349
Bekan,4740
Caraun,165
Claremorris,455
Cloghermore,600
Course,483
Crossboyne,473
Culnacleha,455
Garrymore,667
Kilcolman,1004
Kilvine,799
Knock North,323
Knock South,437
Loughanboy,372
Mayo,187
Murneen,650
Tagheen,342
Aghamore,325
Ballinamore,655
Bohola,442
Brackloon,434
Callow,511
Cloonmore,357
Coolnaha,383
Cuildoo,1068
Doocastle,961
Kilbeagh,687
Kilkelly,660
Killedan,1626
Kilmovee,541
Kiltamagh,1242
Meelick,2629
Sonnagh,464
Swineford,1724
Toocananagh,350
Toomore,513
Tumgesh,798
Urlaur,1070
Acaill,110
Aghagower North,367
Aghagower South,285
Aillemore,332
Ballycroy North,194
Ballycroy South,948
Clare Island,712
Clogher,699
An Corrﬂn,771
Croaghpatrick,592
Derryloughan,182
Dumha ?ige,331
Drummin,112
Emlagh,257
Erriff,1079
Glenhest,102
Islandeady,686
Kilgeever,1616
Kilmaclasser,575
Kilmeena,817
Kilsallagh,1117
Knappagh,1318
Louisburgh,799
Newport East,159
Newport West,525
Owennadornaun/Bundorragha,968
Slievemahanagh,157
Slievemore,1739
Srahmore,5282
Westport Rural,784
Athlone West Rural,547
Ballydangan,279
Ballynamona,841
Caltragh,554
Carnagh,408
Carrowreagh,231
Castlesampson,271
Cloonburren,1226
Cloonown,1005
Crannagh,208
Creagh,358
Culliagh,229
Drumlosh,384
Dysart,1716
Kilcar,333
Kiltoom,330
Lecarrow,436
Moore,535
Rockhill,315
Taghboy,777
Taghmaconnell,322
Thomastown,142
Turrock,242
Aghafin,180
Aughrim East,271
Aughrim West,173
Ballyfarnan,1775
Ballyfermoyle,1597
Boyle Rural,249
Boyle Urban,312
Breedoge,137
Cloonteen,416
Creeve,209
Croghan,963
Crossna,99
Danesfort,544
Estersnow,400
Keadew,236
Kilbryan,282
Kilcolagh,129
Killukin,237
Killummod,184
Kilmacumsy,212
Kilmore,300
Lisgarve/Mantua,523
Lough Allen/Altagowlan,339
Oakport,402
Rockingham,267
Rushfield,175
Tivannagh,207
Tumna North,864
Tumna South,463
Artagh North,3254
Artagh South,1138
Ballaghaderreen,855
Ballinlough,147
Ballintober,693
Baslick,353
Bellanagare,212
Buckill,563
Carrowduff,3268
Castleplunket,324
Castlereagh,346
Castleteheen,509
Cloonfower,458
Coolougher,332
Edmondstown,1018
Fairymount,1185
Frenchpark,780
Kiltullagh,304
Loughglinn,510
Annaghmore,610
Athleague East,223
Athleague West,534
Ballygarden,506
Bumlin,176
Cams,1315
Cloonfinlough,441
Cloontuskert,255
Cloonygormican,156
Cloonyquin,166
Creeve,481
Cregga,328
Drumdaff,137
Dunamon,893
Elia,796
Elphin,418
Fuerty,386
Kilbride North,300
Kilbride South,505
Kilgefin,354
Kilglass North,229
Kilglass South,190
Killavackan,553
Killukin,379
Kilteevan,365
Lackan,171
Lismaha,1009
Lissonuffy,399
Mote,818
Ogulla,5513
Roosky,2034
Roscommon Rural,215
Roscommon Urban,169
Rosmoylan,556
Rossmore,1232
Scregg,972
Strokestown,326
Termonbarry,4940
Tulsk,6127
Sligo East,7788
Sligo North,391
Sligo West,386
Aghanagh,461
Ballynashee,555
Coolavin,540
Cuilmore,541
Drumrat,276
Kilfree,456
Killadoon,360
Killaraght,298
Kilmactranny,134
Kilshalvy,241
Shancough,227
Templevanny,171
Toomour,294
Aughris,239
Buncrowey,1095
Castleconor East,180
Castleconor West,207
Dromard East,527
Dromard West,626
Dromore,664
Easky East,1765
Easky West,598
Kilglass,175
Rathmacurkey,314
Skreen,260
Templeboy North,232
Templeboy South/Mullagheruse,306
Toberpatrick East,661
Toberpatrick West,457
Ballintogher East,2269
Ballintogher West,462
Ballymote,1387
Ballynakill,361
Ballysadare East,213
Ballysadare West,1792
Bricklieve,714
Calry,707
Carney,1000
Carrickbanagher,577
Cliffony North,3188
Cliffony South,764
Collooney,1826
Drumcliff East,273
Drumcliff West,412
Drumcolumb,259
Drumfin,2347
Glencar,4077
Kilmacowen,511
Knockaree,394
Lakeview,862
Lisconny,1549
Lissadill East,639
Lissadill North,753
Lissadill West,191
Riverstown,243
Rossinver East,468
Rossinver West,810
Achonry East,233
Achonry West,200
Aclare,610
Annagh,155
Banada,117
Branchfield/Carrownaskeagh,157
Breencorragh,307
Cartron,1563
Cloonoghill,234
Coolaney,226
Glendarragh,226
Kilmacteige,381
Kilturra,380
Leitrim,102
Loughill/Cloonacool,255
Owenmore,394
Streamstown,3118
Temple,3868
Tobercurry,4230
Cavan Urban,627
Bailieborough,677
Carnagarve,498
Crossbane,482
Drumanespick,503
Enniskeen,3705
Killinkere,414
Kingscourt,2535
Lisagoan,1276
Mullagh,445
Shercock,661
Skeagh,582
Taghart,1859
Termon,236
Ballyconnell,625
Ballymagauran,199
Bawnboy,213
Bilberry,151
Carn,136
Diamond,111
Doogary,291
Kinawley,191
Lissanover,381
Pedara Vohers/Tircahan,302
Swanlinbar,3548
Templeport/Benbrack,897
Ballyjamesduff,998
Castlerahan,624
Kilbride,1182
Lurgan,5210
Munterconnaught,897
Virginia,967
Ardue,414
Arvagh,431
Ashfield,1152
Ballintemple,838
Ballyhaise,1628
Ballymachugh,1759
Bellananagh,208
Belturbet Urban,501
Bruce Hall,543
Butler's Bridge,439
Canningstown,314
Carrafin,8747
Castlesaunderson,919
Cavan Rural,1138
Clonervy,1705
Cootehill Rural,284
Cootehill Urban,448
Corr,610
Corraneary,707
Crossdoney,454
Crosskeys,707
Cuttragh,473
Denn,636
Derrin,518
Drumcarban,541
Drumcarn,589
Drung,512
Graddum,643
Grilly,394
Kilconny,1092
Kill,646
Killashandra,1216
Killykeen,487
Kilnaleck,478
Knappagh,507
Larah North,404
Larah South,1739
Milltown,440
Moynehall,468
Rakenny,173
Redhill,855
Springfield,609
Stradone,330
Tullyvin East,780
Tullyvin West,97
Waterloo,160
Derrylahan,190
Dowra,322
Dunmakeever/Derrynananta,144
Eskey,346
Killinagh/Teebane,674
Tuam,452
Drumlumman,331
Kilcogy,329
Kilgolagh,662
Loughdawan,3279
Scrabby,2124
Buncrana Urban,2624
Bundoran Urban,755
Letterkenny Urban,1738
Ballintra,1714
Ballyshannon Rural,1179
Ballyshannon Urban,389
Bundoran Rural,464
Carrickboy,249
Cavangarden,772
Cliff,169
Ballintra,387
Binbane,928
Bonnyglen,339
Clogher,4179
Corkermore,904
Donegal,547
Dunkineely,84
Eanymore,235
Grousehall,795
Haugh,799
Inver,350
Laghy,368
Lough Eask,1745
Pettigoe,350
Tantallon,105
Tawnawully,657
Templecarn,805
Tullynaught,314
Ards,783
Creenasmear,2071
Creeslough,278
Cross Roads,1015
Doe Castle,689
Dunfanaghy,1693
D∑n L∑iche,2841
Gort an Choirce,1408
Machaire Chlochair,2274
M›n an Chladaigh,478
Anagaire,1280
?rainn Mhær,165
Ardara,123
Cræ Bheithe,347
Cræ Chaorach,717
Crownarad,82
Dawros,1919
An D∑choraidh,294
An Clochﬂn Liath,732
Baile na Finne,694
Gleann Cholm Cille,156
Glengesh,1475
Gleann L⁄ith›n,150
Glenties,84
An Ghrafaidh,669
Inis Caoil,365
Cill Charthaigh,2333
Cill Ghabhlaigh,523
Killybegs,727
Largymore,272
Leitir Mhic an Bhaird,754
Maas,373
An Machaire,238
Mﬂlainn Bhig,1496
Mulmosog,134
Inis Mhic an Doirn,673
Tieveskeelta,1529
Ardmalin,1324
Ballyliffin,4039
Birdstown,1333
Buncrana Rural,2519
Burt,917
Carndonagh,692
Carthage,1345
Castlecary,1027
Castleforward,751
Culdaff,705
Desertegny,1634
Dunaff,791
Fahan,859
Glennagannon,1240
Gleneely,1140
Glentogher,945
Greencastle,396
Illies,2151
Inch Island,1802
Kilderry,770
Killea,890
Malin,2293
Mintiaghs,1028
Moville,967
Newtown Cunningham,1298
Redcastle,724
Straid,316
Three Trees,977
Turmone,2741
Whitecastle,3681
Ballymacool,400
Castlewray,1739
Church Hill,1824
Corravaddy,203
Edenacarnan,1303
Gartan,512
Gortnavern,1036
Killymasny,12191
Kincraigy,1719
Letterkenny Rural,1314
Magheraboy,93
Manorcunningham,1089
Seacor,735
Templedouglas,965
Ballyarr,881
Carrickart,610
Carrowkeel,540
Cranford,398
Fanad North,262
Fanad West,530
Glen,359
Glenalla,120
Greenfort,1525
Killygarvan,286
Kilmacrenan,331
Knockalla,1633
Loughkeel,2494
Millford,965
Rathmelton,856
Rathmullan,264
Ros Goill,568
Rosnakill,416
Termon,1252
Altnapaste,935
Castlefinn,621
Cloghan,1429
Cloghard,2156
Clonleigh North,2559
Clonleigh South,1170
Convoy,456
Dooish,1131
Feddyglass,1672
Figart,359
Gleneely,1146
Goland,1922
Killygordon,368
Knock,148
Lettermore,1521
Meencargagh,1396
Raphoe,4706
St. Johnstown,860
Stranorlar,640
Treantaghmucklagh,2331
Urney West,1014
Carrickmacross Urban,1127
Castleblayney Urban,2285
Clones Urban,1001
Monaghan Urban,779
Ballymackney,4291
Bocks,323
Carrickmacross Rural,827
Corracharra,704
Crossalare,571
Donaghmoyne,515
Drumboory,742
Drumcarrow,819
Drumgurra,1182
Enagh,669
Inishkeen,716
Kilmurry,686
Kiltybegs,447
Loughfea,572
Raferagh,1593
Annayalla,318
Ballybay Rural,272
Ballybay Urban,831
Bellatrain,715
Broomfield,378
Carrickaslane,3948
Carrickatee,748
Castleblayney Rural,705
Church Hill,1242
Creeve,481
Cremartin,576
Greagh,380
Laragh,318
Mullyash,391
Aghabog,1612
Anny,527
Clones Rural,729
Cormeen,752
Currin,190
Dawsongrove,136
Drum,330
Drummully,219
Killeevan,435
Killynenagh,918
Lisnaveane,390
Newbliss,1278
St. Tierney,1571
Anketell Grove,318
Bellanode,544
Bragan,1013
Caddagh,517
Castleshane,792
Clones,292
Clontibret,716
Derrygorry,1069
Drumhillagh,1158
Drumsnat,548
Emyvale,556
Enagh,964
Figullar,614
Glaslough,508
Killylough,6411
Kilmore,974
Monaghan Rural,1208
Rackwallace,248
Scotstown,683
